aep,$
0.02,1590812.92155
0.01,2005667.814057
0.005,2490190.259668
0.001,3048104.777473
ead,425211.584201
