aep,impacts
0.02,36074.19799999995
0.01,56475.10099999999
0.005,64382.052999999985
0.001,71101.40699999996
ead,9765.605146249989
