aep,$
0.02,4024392.0
0.01,4029752.77
0.005,4153969.33
0.001,4181578.3200000003
ead,1047440.23384375
