,xid,Gld_10e2_fail_cT1mean
1,1,12.38660083834709
2,2,12.383503089676054
3,3,12.373003754871894
4,4,12.371674373250576
5,5,12.388869419872695
6,6,12.371287024128923
7,7,12.37141645551725
