aep,$
0.01,657912.1499999999
0.002,1570322.613
0.001,1608232.92
ead,173317.88164199996
