aep,impacts
0.02,702962509.7385
0.01,982186055.8629
0.005,1083808162.5995004
0.001,1217279887.7539005
ead,188137870.66550803
